"numero","nota_fiscal_saida_numero","nota_fiscal_saida_chave_danfe"
"000000000002361","00002347","32220327403527000385550010000023471676681413"
"000000000002360","00002346","32220327403527000385550010000023461894990780"
"000000000002362","00002354","32220327403527000385550010000023541762092190"
"000000000002364","00002352","32220327403527000385550010000023521543161346"
"000000000002368","00002355","32220327403527000385550010000023551769290963"
"000000000002383","00002366","32220327403527000385550010000023661955599832"
"000000000002374","00002359","32220327403527000385550010000023591979040660"
"000000000002372","00002361","32220327403527000385550010000023611330858837"
"000000000002377","00002367","32220327403527000385550010000023671195393960"
"000000000002382","00002368","32220327403527000385550010000023681705458926"
"000000000002378","00002363","32220327403527000385550010000023631245954902"
"000000000002453","00002429","32220327403527000385550010000024291922759123"
"000000000002481","00002454","32220327403527000385550010000024541477102138"
"000000000002459","00002447","32220327403527000385550010000024471367551812"
"000000000002501","00002471","32220327403527000385550010000024711226462304"
"000000000002499","00002479","32220327403527000385550010000024791677698424"
"000000000002504","00002481","32220327403527000385550010000024811571144709"
"000000000002508","00002478","32220327403527000385550010000024781296647240"
"000000000002496","00002477","32220327403527000385550010000024771212553152"
"000000000002460","00002433","32220327403527000385550010000024331007768822"
"000000000002708","00002674","32220327403527000385550010000026741675337143"
"000000000002696","00002663","32220327403527000385550010000026631907832225"
"000000000002724","00002696","32220327403527000385550010000026961611726162"
"000000000002726","00002697","32220327403527000385550010000026971909956850"
"000000000002715","00002679","32220327403527000385550010000026791500629834"
"000000000002732","00002700","32220327403527000385550010000027001087885729"
"000000000002729","00002705","32220327403527000385550010000027051797295176"
"000000000002714","00002682","32220327403527000385550010000026821150767406"
"000000000002734","00002699","32220327403527000385550010000026991530831430"
"000000000002412","00002395","32220327403527000385550010000023951428598491"
"000000000002451","00002442","32220327403527000385550010000024421315405320"
"000000000002457","00002441","32220327403527000385550010000024411480746450"
"000000000002466","00002451","32220327403527000385550010000024511814181060"
"000000000002469","00002448","32220327403527000385550010000024481021732034"
"000000000002471","00002452","32220327403527000385550010000024521935326180"
"000000000002473","00002455","32220327403527000385550010000024551477102135"
"000000000002488","00002459","32220327403527000385550010000024591609314150"
"000000000002517","00002485","32220327403527000385550010000024851598367503"
"000000000002518","00002489","32220327403527000385550010000024891950115705"
"000000000002519","00002496","32220327403527000385550010000024961034649081"
"000000000002520","00002492","32220327403527000385550010000024921715368980"
"000000000002521","00002488","32220327403527000385550010000024881388204200"
"000000000002523","00002490","32220327403527000385550010000024901950115706"
"000000000002522","00002497","32220327403527000385550010000024971128067237"
"000000000002524","00002498","32220327403527000385550010000024981351137778"
"000000000002538","00002515","32220327403527000385550010000025151928434048"
"000000000002728","00002702","32220327403527000385550010000027021078136209"
"000000000002727","00002706","32220327403527000385550010000027061383361376"
"000000000002825","00002771","32220327403527000385550010000027711311114540"
"000000000002830","00002787","32220327403527000385550010000027871108339258"
"000000000002820","00002774","32220327403527000385550010000027741851357640"
"000000000002819","00002773","32220327403527000385550010000027731425736073"
"000000000002906","00002783","32220327403527000385550010000027831166925009"
"000000000002919","00002785","32220327403527000385550010000027851329887245"
"000000000002928","00002806","32220327403527000385550010000028061640167820"
"000000000002940","00002809","32220327403527000385550010000028091533849473"
"000000000002841","00002781","32220327403527000385550010000027811601260643"
"000000000002817","00002768","32220327403527000385550010000027681594635789"
"000000000002899","00002795","32220327403527000385550010000027951999673802"
"000000000002930","00002803","32220327403527000385550010000028031315259530"
"000000000002476","00002464","32220327403527000385550010000024641077321912"
"000000000002367","00002358","32220327403527000385550010000023581628519915"
"000000000002366","00002356","32220327403527000385550010000023561133557435"
"000000000002479","00002456","32220327403527000385550010000024561477102132"
"000000000002486","00002458","32220327403527000385550010000024581539916213"
"000000000002487","00002466","32220327403527000385550010000024661684114612"
"000000000002815","00002772","32220327403527000385550010000027721759056081"
"000000000002818","00002770","32220327403527000385550010000027701986596660"
"000000000002821","00002775","32220327403527000385550010000027751643508433"
"000000000002840","00002789","32220327403527000385550010000027891227994483"
"000000000002918","00002794","32220327403527000385550010000027941429623109"
"000000000002937","00002801","32220327403527000385550010000028011315259536"
"000000000002938","00002804","32220327403527000385550010000028041315259538"
"000000000002737","00002708","32220327403527000385550010000027081756056020"
"000000000002477","00002468","32220327403527000385550010000024681448929548"
"000000000002516","00002483","32220327403527000385550010000024831317586724"
"000000000002816","00002766","32220327403527000385550010000027661836209900"
"000000000002823","00002776","32220327403527000385550010000027761194113477"
"000000000002827","00002777","32220327403527000385550010000027771830929085"
"000000000002908","00002780","32220327403527000385550010000027801313599826"
"000000000002828","00002778","32220327403527000385550010000027781830929082"
"000000000002743","00002703","32220327403527000385550010000027031113574278"
"000000000002455","00002437","32220327403527000385550010000024371735075536"
"000000000002514","00002491","32220327403527000385550010000024911103411275"
"000000000002493","00002460","32220327403527000385550010000024601609314150"
"000000000002515","00002493","32220327403527000385550010000024931782327235"
"000000000002717","00002690","32220327403527000385550010000026901921859442"
"000000000002475","00002461","32220327403527000385550010000024611597470325"
"000000000002826","00002767","32220327403527000385550010000027671274498961"
"000000000002922","00002784","32220327403527000385550010000027841329887248"
"000000000002907","00002786","32220327403527000385550010000027861329887242"
"000000000002923","00002791","32220327403527000385550010000027911848205878"
"000000000002926","00002802","32220327403527000385550010000028021315259533"
"000000000002927","00002797","32220327403527000385550010000027971919853196"
"000000000002929","00002793","32220327403527000385550010000027931615308300"
"000000000002915","00002782","32220327403527000385550010000027821189955071"
"000000000002916","00002790","32220327403527000385550010000027901329500138"
"000000000002931","00002805","32220327403527000385550010000028051263278488"
"000000000002730","00002707","32220327403527000385550010000027071292868092"
"000000000002939","00002807","32220327403527000385550010000028071604391100"
